{
  "num_quadcopters": 5,
  "duration": 30.000000,
  "output_dir": "outputs/eso_n5_nom",
  "log_dir": "outputs/eso_n5_nom/logs/20260407_185004",
  "meshcat_html": "",
  "cable_lengths": [1.000000,1.030000,1.060000,1.090000,1.120000],
  "fault_cables": [],
  "fault_times": [],
  "max_thrust": 150.000000,
  "payload_mass": 3.000000,
  "tension_kp": 0.500000,
  "disable_tension_ff": false,
  "position_kp": 8.000000,
  "position_kd": 8.000000,
  "position_ki": 0.150000,
  "enable_eso": true,
  "seed": -1,
  "enable_wind": false,
  "wind_mean": [1.000000,0.500000,0.000000],
  "wind_sigma": 0.500000,
  "enable_eskf": false,
  "imu_rate": 200.000000,
  "gps_noise": 0.020000,
  "baro_noise": 0.300000,
  "gps_rate": 10.000000,
  "baro_rate": 25.000000,
  "enable_load_tracking": true,
  "load_kp": 6.000000,
  "load_kd": 8.000000,
  "load_ki": 1.200000
}
