real,imag,magnitude
-1.14857999572,0,1.14857999572
-6.83230551349,0,6.83230551349
-0.0191144907904,0,0.0191144907904
