mode,seed,fault_cable,nominal_rmse,post_fault_rmse,pre_fault_rmse,fault_delta_rmse,rmse_ratio,peak_deviation,recovery_time
cl,42.0,-1.0,0.16952284832553072,0.1976175230161301,0.0,0.02809467469059937,0.0,0.2481409716729889,5.0
l1,42.0,-1.0,0.6357770659909744,0.8530663109013062,0.0,0.21728924491033186,0.0,1.2389597120347273,5.0
