mode,seed,fault_cable,nominal_rmse,post_fault_rmse,pre_fault_rmse,fault_delta_rmse,rmse_ratio,peak_deviation,recovery_time
cl,42.0,-1.0,0.3026926803673164,0.3034621218788753,0.0,0.0007694415115588882,0.0,0.28151762865331237,5.0
l1,42.0,-1.0,0.5446963450940203,0.871628758076456,0.0,0.3269324129824357,0.0,1.5658882196277837,5.0
