mode,seed,fault_cable,nominal_rmse,post_fault_rmse,pre_fault_rmse,fault_delta_rmse,rmse_ratio,peak_deviation,recovery_time
cl,42.0,-1.0,0.1073215772230264,0.12159216301577888,0.0,0.014270585792752477,0.0,0.1655809979136223,5.0
l1,42.0,-1.0,0.7426421174192087,0.9016356630366894,0.0,0.1589935456174807,0.0,1.3778747926487085,5.0
