{
  "scalar_model": {
    "kp": 8.0,
    "kd": 8.0,
    "ki": 0.15,
    "eigenvalues": [
      {
        "real": -6.832305513490766,
        "imag": 0.0,
        "magnitude": 6.832305513490766
      },
      {
        "real": -1.1485799957188279,
        "imag": 0.0,
        "magnitude": 1.1485799957188279
      },
      {
        "real": -0.019114490790402533,
        "imag": 0.0,
        "magnitude": 0.019114490790402533
      }
    ],
    "all_hurwitz": true,
    "gamma_ISS": 0.12531472902740992,
    "omega_peak_rad_s": 0.14703365110827454,
    "dc_gain": 0.0,
    "gamma_FT_0_5s": 0.04185469625737653,
    "predicted_peak_cm": 18.41606635324567,
    "max_gamma_cable_for_stability": 7.9799079307051874
  }
}